<?xml version="1.0" encoding="utf-8" ?>
<manifest xmlns="http://www.imsglobal.org/xsd/imscp_v1p1"
          xmlns:xsi="http://www.w3.org/2001/XMLSchema-instance"
          xmlns:adlcp="http://www.adlnet.org/xsd/adlcp_rootv1p2"
          xmlns:cwsp="http://www.dspace.org/xmlns/cwspace_imscp"
          xmlns:ocw="http://ocw.mit.edu/xmlns/ocw_imscp"
          xmlns:lom="http://ocw.mit.edu/xmlns/LOM"
          identifier="urn_edu.mit.ocw_5-301-chemistry-laboratory-techniques-january-iap-2004"
          version="2012-12-20T1:43:39"
          cwsp:packageType="Course"
          xml:base="5-301-january-iap-2004/"
          xsi:schemaLocation="http://www.imsglobal.org/xsd/imscp_v1p1 http://www.imsglobal.org/xsd/imscp_v1p1.xsd  http://www.adlnet.org/xsd/adlcp_rootv1p2 http://www.adlnet.org/xsd/adlcp_rootv1p2.xsd http://www.dspace.org/xmlns/cwspace_imscp http://www.dspace.org/xsd/cwspace_imscp/version10/cwspace_imscpv10.xsd http://ocw.mit.edu/xmlns/ocw_imscp http://ocw.mit.edu/xsd/ocw_imscp/version10/ocw_imscpv10.xsd http://ocw.mit.edu/xmlns/LOM http://ocw.mit.edu/xsd/LOM/lomv1.0/lomv1.0.xsd">
   	<metadata>
   		<schema>IMS Content</schema>
        <schemaversion>1.1</schemaversion>
        <cwsp:packageMetadata>
            <cwsp:sourceSystem>OCW</cwsp:sourceSystem>
            <cwsp:profile>CWSpace</cwsp:profile>
            <cwsp:profileVersion>0.1</cwsp:profileVersion>
        </cwsp:packageMetadata>
        <lom:general uniqueElementName="general">
            <lom:title uniqueElementName="title">
				<lom:string language="en">Chemistry Laboratory Techniques</lom:string>
			</lom:title>
			<lom:identifier>
				<lom:catalog uniqueElementName="catalog">OCW Master Course Number</lom:catalog>
		      	<lom:entry uniqueElementName="entry">5.301</lom:entry>
			</lom:identifier>
        </lom:general>
        <lom:lifecycle uniqueElementName="lifeCycle">
            <lom:version uniqueElementName="version">
				<lom:string language="en">January IAP 2004</lom:string>
			</lom:version>
            <lom:contribute>
	            <lom:role>
	                <lom:source uniqueElementName="source">OCW_LOMv1.0</lom:source>
	                <lom:value uniqueElementName="value">Author</lom:value>
	            </lom:role>
	            <lom:entity>Tabacco, Sarah</lom:entity>
	            <lom:date uniqueElementName="date">
	                <lom:dateTime uniqueElementName="dateTime">2012-12-20</lom:dateTime>
	            </lom:date>
        	</lom:contribute>
        </lom:lifecycle>
        <lom:relation uniqueElementName="relation">
        	<lom:kind uniqueElementName="kind">
        		<lom:source uniqueElementName="source">OCW_LOMv1.0</lom:source>
        		<lom:value uniqueElementName="value">hasversion</lom:value>
        	</lom:kind>
        	<lom:resource uniqueElementName="resource">
        		<lom:identifier>
        			<lom:catalog uniqueElementName="catalog">URI</lom:catalog>
        			<lom:entry uniqueElementName="entry">http://www.core.org.cn/OcwWeb/Chemistry/5-301January--IAP-2004/CourseHome/index.htm</lom:entry>
        		</lom:identifier>
        		<lom:description uniqueElementName="description">
        			<lom:string language="en"></lom:string>
        		</lom:description>
        	</lom:resource>
        </lom:relation>
        <lom:taxonPath>
            <lom:source uniqueElementName="source">
                <lom:string language="en">OCW Course Categories</lom:string>
            </lom:source>
            <lom:taxon>
                <lom:entry uniqueElementName="entry">
                    <lom:string language="en">Science</lom:string>
                </lom:entry>
            </lom:taxon>
            <lom:taxon>
                <lom:entry uniqueElementName="entry">
                    <lom:string language="en">Chemistry</lom:string>
                </lom:entry>
            </lom:taxon>
            
        </lom:taxonPath>        
        <adlcp:location>contents/index.htm.xml</adlcp:location>
    </metadata>
    <organizations default="ocw_5-301-chemistry-laboratory-techniques-january-iap-2004">
        <organization identifier="ocw_5-301-chemistry-laboratory-techniques-january-iap-2004">
            <title>Chemistry Laboratory Techniques</title>
            <item identifier="i_5-301-chemistry-laboratory-techniques-january-iap-2004.CourseHome"
                  identifierref="r_contents.index.htm"
                  ocw:sectionTemplateType="CourseHomePage"
                  ocw:sectionTemplateVersion="2012-12-20">
				<title>Chemistry Laboratory Techniques</title>
				<item identifier="i_5-301-chemistry-laboratory-techniques-january-iap-2004.5-301iap04.jpg"
          identifierref="r_contents.5-301iap04.jpg">
				<title>Video still of a separatory funnel in Video 5 of the Digital Lab Techniques Manual</title>
				</item>
				<item identifier="i_5-301-chemistry-laboratory-techniques-january-iap-2004.5-301iap04-th.jpg"
          identifierref="r_contents.5-301iap04-th.jpg">
				<title>Video still of a separatory funnel in Video 5 of the Digital Lab Techniques Manual</title>
				</item>
			</item>
            <item identifier="i_5-301-chemistry-laboratory-techniques-january-iap-2004.syllabus"
                  identifierref="r_contents.syllabus.index.htm"
                  ocw:sectionTemplateType="CourseSection"
                  ocw:sectionTemplateVersion="2012-12-20">
				<title>Syllabus</title>
			</item>
            <item identifier="i_5-301-chemistry-laboratory-techniques-january-iap-2004.calendar"
                  identifierref="r_contents.calendar.index.htm"
                  ocw:sectionTemplateType="CourseSection"
                  ocw:sectionTemplateVersion="2012-12-20">
				<title>Calendar</title>
			</item>
            <item identifier="i_5-301-chemistry-laboratory-techniques-january-iap-2004.labs"
                  identifierref="r_contents.labs.index.htm"
                  ocw:sectionTemplateType="CourseSection"
                  ocw:sectionTemplateVersion="2012-12-20">
				<title>Labs</title>
				<item identifier="i_5-301-chemistry-laboratory-techniques-january-iap-2004.labs.8_5_no_air.pdf"
          identifierref="r_contents.labs.8_5_no_air.pdf">
				<title>No-Air Techniques Guide</title>
				</item>
				<item identifier="i_5-301-chemistry-laboratory-techniques-january-iap-2004.labs.8_8_distillation.pdf"
          identifierref="r_contents.labs.8_8_distillation.pdf">
				<title>Distillation Guide</title>
				</item>
				<item identifier="i_5-301-chemistry-laboratory-techniques-january-iap-2004.labs.3ee_distillation.pdf"
          identifierref="r_contents.labs.3ee_distillation.pdf">
				<title>What's With Those High-Altitude Recipes?</title>
				</item>
				<item identifier="i_5-301-chemistry-laboratory-techniques-january-iap-2004.labs.4ee_chromatography.pdf"
          identifierref="r_contents.labs.4ee_chromatography.pdf">
				<title>Setting the Pace</title>
				</item>
				<item identifier="i_5-301-chemistry-laboratory-techniques-january-iap-2004.labs.8_4_extraction_washing.pdf"
          identifierref="r_contents.labs.8_4_extraction_washing.pdf">
				<title>Extraction and Washing Guide</title>
				</item>
				<item identifier="i_5-301-chemistry-laboratory-techniques-january-iap-2004.labs.dltm.pdf"
          identifierref="r_contents.labs.dltm.pdf">
				<title>The Digital Lab Techniques Manual</title>
				</item>
				<item identifier="i_5-301-chemistry-laboratory-techniques-january-iap-2004.labs.5ee_biochemistry.pdf"
          identifierref="r_contents.labs.5ee_biochemistry.pdf">
				<title>A Heart as Strong as Iron</title>
				</item>
				<item identifier="i_5-301-chemistry-laboratory-techniques-january-iap-2004.labs.8_6_recrystallization.pdf"
          identifierref="r_contents.labs.8_6_recrystallization.pdf">
				<title>Two-Solvent Recrystallization Guide</title>
				</item>
				<item identifier="i_5-301-chemistry-laboratory-techniques-january-iap-2004.labs.2ee_recrystallization.pdf"
          identifierref="r_contents.labs.2ee_recrystallization.pdf">
				<title>The Single-Crystal Shakedown</title>
				</item>
				<item identifier="i_5-301-chemistry-laboratory-techniques-january-iap-2004.labs.8_7_single_crystal.pdf"
          identifierref="r_contents.labs.8_7_single_crystal.pdf">
				<title>Guide to Growing a Single Crystal</title>
				</item>
				<item identifier="i_5-301-chemistry-laboratory-techniques-january-iap-2004.labs.8_9_flash_column.pdf"
          identifierref="r_contents.labs.8_9_flash_column.pdf">
				<title>Flash Column Chromatography Guide</title>
				</item>
				<item identifier="i_5-301-chemistry-laboratory-techniques-january-iap-2004.labs.8_2_gc_sample_prep.pdf"
          identifierref="r_contents.labs.8_2_gc_sample_prep.pdf">
				<title>GC Sample Preparation Guide</title>
				</item>
				<item identifier="i_5-301-chemistry-laboratory-techniques-january-iap-2004.labs.07_lab_intro.pdf"
          identifierref="r_contents.labs.07_lab_intro.pdf">
				<title>Introduction to the Laboratory</title>
				</item>
				<item identifier="i_5-301-chemistry-laboratory-techniques-january-iap-2004.labs.1cc_transfer_extraction.pdf"
          identifierref="r_contents.labs.1cc_transfer_extraction.pdf">
				<title>Transfer and Extraction Techniques</title>
				</item>
				<item identifier="i_5-301-chemistry-laboratory-techniques-january-iap-2004.labs.complete_manual_2004_ac.pdf"
          identifierref="r_contents.labs.complete_manual_2004_ac.pdf">
				<title>Laboratory Manual</title>
				</item>
				<item identifier="i_5-301-chemistry-laboratory-techniques-january-iap-2004.labs.2cc_recrystallization.pdf"
          identifierref="r_contents.labs.2cc_recrystallization.pdf">
				<title>Purification of Solids by Recrystallization</title>
				</item>
				<item identifier="i_5-301-chemistry-laboratory-techniques-january-iap-2004.labs.5cc_biochemistry.pdf"
          identifierref="r_contents.labs.5cc_biochemistry.pdf">
				<title>Protein Assays and Error Analysis</title>
				</item>
				<item identifier="i_5-301-chemistry-laboratory-techniques-january-iap-2004.labs.6_original_research.pdf"
          identifierref="r_contents.labs.6_original_research.pdf">
				<title>Introduction to Original Research</title>
				</item>
				<item identifier="i_5-301-chemistry-laboratory-techniques-january-iap-2004.labs.spectroscopy.pdf"
          identifierref="r_contents.labs.spectroscopy.pdf">
				<title>Spectroscopy</title>
				</item>
				<item identifier="i_5-301-chemistry-laboratory-techniques-january-iap-2004.labs.8_1_nmr_sample_prep.pdf"
          identifierref="r_contents.labs.8_1_nmr_sample_prep.pdf">
				<title>FT-NMR Sample Preparation Guide</title>
				</item>
				<item identifier="i_5-301-chemistry-laboratory-techniques-january-iap-2004.labs.3cc_distillation.pdf"
          identifierref="r_contents.labs.3cc_distillation.pdf">
				<title>Purification of Liquids by Distillation</title>
				</item>
				<item identifier="i_5-301-chemistry-laboratory-techniques-january-iap-2004.labs.4cc_chromatography.pdf"
          identifierref="r_contents.labs.4cc_chromatography.pdf">
				<title>Purification by Flash Column Chromatography</title>
				</item>
				<item identifier="i_5-301-chemistry-laboratory-techniques-january-iap-2004.labs.8_3_tlc.pdf"
          identifierref="r_contents.labs.8_3_tlc.pdf">
				<title>Thin layer Chromatography (TLC) Guide</title>
				</item>
				<item identifier="i_5-301-chemistry-laboratory-techniques-january-iap-2004.labs.1ee_transfer_extraction.pdf"
          identifierref="r_contents.labs.1ee_transfer_extraction.pdf">
				<title>Transfer and Extraction Techniques</title>
				</item>
			</item>
            <item identifier="i_5-301-chemistry-laboratory-techniques-january-iap-2004.study-materials"
                  identifierref="r_contents.study-materials.index.htm"
                  ocw:sectionTemplateType="CourseSection"
                  ocw:sectionTemplateVersion="2012-12-20">
				<title>Study Materials</title>
			</item>
            <item identifier="i_terms"
                  identifierref="r_common.terms.index.htm"
                  ocw:sectionTemplateType="GlobalSection"
                  ocw:sectionTemplateVersion="2012-12-20">
				<title>Legal Notices</title>
			</item>
            <item identifier="i_terms"
                  identifierref="r_common.terms.index.htm"
                  ocw:sectionTemplateType="GlobalSection"
                  ocw:sectionTemplateVersion="2012-12-20">
				<title>Privacy Statement</title>
			</item>
            <item identifier="i_terms.trademarks"
                  identifierref="r_common.terms.trademarks.index.htm"
                  ocw:sectionTemplateType="GlobalSection"
                  ocw:sectionTemplateVersion="2012-12-20">
				<title>Trademark Notices</title>
			</item>
        </organization>
    </organizations>
    <resources>
        <resource identifier="r_contents.labs.8_6_recrystallization.pdf"
                  type="other"
                  href="contents/labs/8_6_recrystallization.pdf">
            <metadata>
                <adlcp:location>contents/labs/8_6_recrystallization.pdf.xml</adlcp:location>
            </metadata>
            <file href="contents/labs/8_6_recrystallization.pdf"/>
                        
        </resource>
        <resource identifier="r_contents.labs.5cc_biochemistry.pdf"
                  type="other"
                  href="contents/labs/5cc_biochemistry.pdf">
            <metadata>
                <adlcp:location>contents/labs/5cc_biochemistry.pdf.xml</adlcp:location>
            </metadata>
            <file href="contents/labs/5cc_biochemistry.pdf"/>
                        
        </resource>
        <resource identifier="r_contents.labs.8_3_tlc.pdf"
                  type="other"
                  href="contents/labs/8_3_tlc.pdf">
            <metadata>
                <adlcp:location>contents/labs/8_3_tlc.pdf.xml</adlcp:location>
            </metadata>
            <file href="contents/labs/8_3_tlc.pdf"/>
                        
        </resource>
        <resource identifier="r_contents.labs.5ee_biochemistry.pdf"
                  type="other"
                  href="contents/labs/5ee_biochemistry.pdf">
            <metadata>
                <adlcp:location>contents/labs/5ee_biochemistry.pdf.xml</adlcp:location>
            </metadata>
            <file href="contents/labs/5ee_biochemistry.pdf"/>
                        
        </resource>
        <resource identifier="r_contents.5-301iap04.jpg"
                  type="other"
                  href="contents/5-301iap04.jpg">
            <metadata>
                <adlcp:location>contents/5-301iap04.jpg.xml</adlcp:location>
            </metadata>
            <file href="contents/5-301iap04.jpg"/>
                        
        </resource>
        <resource identifier="r_contents.labs.dltm.pdf"
                  type="other" href="contents/labs/dltm.pdf">
            <metadata>
                <adlcp:location>contents/labs/dltm.pdf.xml</adlcp:location>
            </metadata>
            <file href="contents/labs/dltm.pdf"/>
                        
        </resource>
        <resource identifier="r_contents.labs.4cc_chromatography.pdf"
                  type="other"
                  href="contents/labs/4cc_chromatography.pdf">
            <metadata>
                <adlcp:location>contents/labs/4cc_chromatography.pdf.xml</adlcp:location>
            </metadata>
            <file href="contents/labs/4cc_chromatography.pdf"/>
                        
        </resource>
        <resource identifier="r_contents.labs.8_4_extraction_washing.pdf"
                  type="other"
                  href="contents/labs/8_4_extraction_washing.pdf">
            <metadata>
                <adlcp:location>contents/labs/8_4_extraction_washing.pdf.xml</adlcp:location>
            </metadata>
            <file href="contents/labs/8_4_extraction_washing.pdf"/>
                        
        </resource>
        <resource identifier="r_contents.labs.1ee_transfer_extraction.pdf"
                  type="other"
                  href="contents/labs/1ee_transfer_extraction.pdf">
            <metadata>
                <adlcp:location>contents/labs/1ee_transfer_extraction.pdf.xml</adlcp:location>
            </metadata>
            <file href="contents/labs/1ee_transfer_extraction.pdf"/>
                        
        </resource>
        <resource identifier="r_contents.labs.4ee_chromatography.pdf"
                  type="other"
                  href="contents/labs/4ee_chromatography.pdf">
            <metadata>
                <adlcp:location>contents/labs/4ee_chromatography.pdf.xml</adlcp:location>
            </metadata>
            <file href="contents/labs/4ee_chromatography.pdf"/>
                        
        </resource>
        <resource identifier="r_contents.labs.8_7_single_crystal.pdf"
                  type="other"
                  href="contents/labs/8_7_single_crystal.pdf">
            <metadata>
                <adlcp:location>contents/labs/8_7_single_crystal.pdf.xml</adlcp:location>
            </metadata>
            <file href="contents/labs/8_7_single_crystal.pdf"/>
                        
        </resource>
        <resource identifier="r_contents.labs.3ee_distillation.pdf"
                  type="other"
                  href="contents/labs/3ee_distillation.pdf">
            <metadata>
                <adlcp:location>contents/labs/3ee_distillation.pdf.xml</adlcp:location>
            </metadata>
            <file href="contents/labs/3ee_distillation.pdf"/>
                        
        </resource>
        <resource identifier="r_contents.5-301iap04-th.jpg"
                  type="other"
                  href="contents/5-301iap04-th.jpg">
            <metadata>
                <adlcp:location>contents/5-301iap04-th.jpg.xml</adlcp:location>
            </metadata>
            <file href="contents/5-301iap04-th.jpg"/>
                        
        </resource>
        <resource identifier="r_contents.labs.8_8_distillation.pdf"
                  type="other"
                  href="contents/labs/8_8_distillation.pdf">
            <metadata>
                <adlcp:location>contents/labs/8_8_distillation.pdf.xml</adlcp:location>
            </metadata>
            <file href="contents/labs/8_8_distillation.pdf"/>
                        
        </resource>
        <resource identifier="r_contents.labs.2cc_recrystallization.pdf"
                  type="other"
                  href="contents/labs/2cc_recrystallization.pdf">
            <metadata>
                <adlcp:location>contents/labs/2cc_recrystallization.pdf.xml</adlcp:location>
            </metadata>
            <file href="contents/labs/2cc_recrystallization.pdf"/>
                        
        </resource>
        <resource identifier="r_contents.labs.spectroscopy.pdf"
                  type="other"
                  href="contents/labs/spectroscopy.pdf">
            <metadata>
                <adlcp:location>contents/labs/spectroscopy.pdf.xml</adlcp:location>
            </metadata>
            <file href="contents/labs/spectroscopy.pdf"/>
                        
        </resource>
        <resource identifier="r_contents.labs.8_5_no_air.pdf"
                  type="other"
                  href="contents/labs/8_5_no_air.pdf">
            <metadata>
                <adlcp:location>contents/labs/8_5_no_air.pdf.xml</adlcp:location>
            </metadata>
            <file href="contents/labs/8_5_no_air.pdf"/>
                        
        </resource>
        <resource identifier="r_contents.labs.index.htm"
                  type="webcontent"
                  href="contents/labs/index.htm">
            <metadata>
                <adlcp:location>contents/labs/index.htm.xml</adlcp:location>
            </metadata>
            <file href="contents/labs/index.htm"/>
            <dependency identifierref="webrenderrequirements.5-301-chemistry-laboratory-techniques-january-iap-2004"/>            
        </resource>
        <resource identifier="r_contents.labs.8_2_gc_sample_prep.pdf"
                  type="other"
                  href="contents/labs/8_2_gc_sample_prep.pdf">
            <metadata>
                <adlcp:location>contents/labs/8_2_gc_sample_prep.pdf.xml</adlcp:location>
            </metadata>
            <file href="contents/labs/8_2_gc_sample_prep.pdf"/>
                        
        </resource>
        <resource identifier="r_contents.calendar.index.htm"
                  type="webcontent"
                  href="contents/calendar/index.htm">
            <metadata>
                <adlcp:location>contents/calendar/index.htm.xml</adlcp:location>
            </metadata>
            <file href="contents/calendar/index.htm"/>
            <dependency identifierref="webrenderrequirements.5-301-chemistry-laboratory-techniques-january-iap-2004"/>            
        </resource>
        <resource identifier="r_contents.labs.8_1_nmr_sample_prep.pdf"
                  type="other"
                  href="contents/labs/8_1_nmr_sample_prep.pdf">
            <metadata>
                <adlcp:location>contents/labs/8_1_nmr_sample_prep.pdf.xml</adlcp:location>
            </metadata>
            <file href="contents/labs/8_1_nmr_sample_prep.pdf"/>
                        
        </resource>
        <resource identifier="r_contents.syllabus.index.htm"
                  type="webcontent"
                  href="contents/syllabus/index.htm">
            <metadata>
                <adlcp:location>contents/syllabus/index.htm.xml</adlcp:location>
            </metadata>
            <file href="contents/syllabus/index.htm"/>
            <dependency identifierref="webrenderrequirements.5-301-chemistry-laboratory-techniques-january-iap-2004"/>            
        </resource>
        <resource identifier="r_contents.labs.6_original_research.pdf"
                  type="other"
                  href="contents/labs/6_original_research.pdf">
            <metadata>
                <adlcp:location>contents/labs/6_original_research.pdf.xml</adlcp:location>
            </metadata>
            <file href="contents/labs/6_original_research.pdf"/>
                        
        </resource>
        <resource identifier="r_contents.study-materials.index.htm"
                  type="webcontent"
                  href="contents/study-materials/index.htm">
            <metadata>
                <adlcp:location>contents/study-materials/index.htm.xml</adlcp:location>
            </metadata>
            <file href="contents/study-materials/index.htm"/>
            <dependency identifierref="webrenderrequirements.5-301-chemistry-laboratory-techniques-january-iap-2004"/>            
        </resource>
        <resource identifier="r_contents.labs.07_lab_intro.pdf"
                  type="other"
                  href="contents/labs/07_lab_intro.pdf">
            <metadata>
                <adlcp:location>contents/labs/07_lab_intro.pdf.xml</adlcp:location>
            </metadata>
            <file href="contents/labs/07_lab_intro.pdf"/>
                        
        </resource>
        <resource identifier="r_contents.labs.3cc_distillation.pdf"
                  type="other"
                  href="contents/labs/3cc_distillation.pdf">
            <metadata>
                <adlcp:location>contents/labs/3cc_distillation.pdf.xml</adlcp:location>
            </metadata>
            <file href="contents/labs/3cc_distillation.pdf"/>
                        
        </resource>
        <resource identifier="r_contents.labs.1cc_transfer_extraction.pdf"
                  type="other"
                  href="contents/labs/1cc_transfer_extraction.pdf">
            <metadata>
                <adlcp:location>contents/labs/1cc_transfer_extraction.pdf.xml</adlcp:location>
            </metadata>
            <file href="contents/labs/1cc_transfer_extraction.pdf"/>
                        
        </resource>
        <resource identifier="r_contents.labs.complete_manual_2004_ac.pdf"
                  type="other"
                  href="contents/labs/complete_manual_2004_ac.pdf">
            <metadata>
                <adlcp:location>contents/labs/complete_manual_2004_ac.pdf.xml</adlcp:location>
            </metadata>
            <file href="contents/labs/complete_manual_2004_ac.pdf"/>
                        
        </resource>
        <resource identifier="r_contents.labs.8_9_flash_column.pdf"
                  type="other"
                  href="contents/labs/8_9_flash_column.pdf">
            <metadata>
                <adlcp:location>contents/labs/8_9_flash_column.pdf.xml</adlcp:location>
            </metadata>
            <file href="contents/labs/8_9_flash_column.pdf"/>
                        
        </resource>
        <resource identifier="r_contents.index.htm"
                  type="webcontent"
                  href="contents/index.htm">
            <metadata>
                <adlcp:location>contents/index.htm.xml</adlcp:location>
            </metadata>
            <file href="contents/index.htm"/>
            <dependency identifierref="webrenderrequirements.5-301-chemistry-laboratory-techniques-january-iap-2004"/>            
        </resource>
        <resource identifier="r_contents.labs.2ee_recrystallization.pdf"
                  type="other"
                  href="contents/labs/2ee_recrystallization.pdf">
            <metadata>
                <adlcp:location>contents/labs/2ee_recrystallization.pdf.xml</adlcp:location>
            </metadata>
            <file href="contents/labs/2ee_recrystallization.pdf"/>
                        
        </resource>        
        <resource identifier="r_common.search.AdvancedSearch.htm"
                  type="webcontent"
                  href="common/search/AdvancedSearch.htm">
            <file href="common/search/AdvancedSearch.htm"/>
            <dependency identifierref="webrenderrequirements.5-301-chemistry-laboratory-techniques-january-iap-2004"/>            
        </resource>
        <resource identifier="r_common.jsp.feedback.htm"
                  type="webcontent"
                  href="common/jsp/feedback.htm">
            <file href="common/jsp/feedback.htm"/>
            <dependency identifierref="webrenderrequirements.5-301-chemistry-laboratory-techniques-january-iap-2004"/>            
        </resource>
        <resource identifier="r_common.terms.index.htm"
                  type="webcontent"
                  href="common/terms/index.htm">
            <file href="common/terms/share.png"/>
            <file href="common/terms/remix.png"/>
            <file href="common/terms/by.png"/>
            <file href="common/terms/nc.png"/>
            <file href="common/terms/sa.png"/>
            <file href="common/terms/deedheadyellow.png"/>
            <file href="common/terms/freedomsheader.png"/>
            <file href="common/terms/limitationsheader.png"/>
            <file href="common/terms/deedfootyellow.png"/>
            <dependency identifierref="webrenderrequirements.5-301-chemistry-laboratory-techniques-january-iap-2004"/>            
        </resource>
        <resource identifier="r_common.terms.trademarks.index.htm"
                  type="webcontent"
                  href="common/terms/trademarks/index.htm">
            <file href="common/terms/trademarks/index.htm"/>
            <dependency identifierref="webrenderrequirements.5-301-chemistry-laboratory-techniques-january-iap-2004"/>            
        </resource>
        <resource identifier="webrenderrequirements.5-301-chemistry-laboratory-techniques-january-iap-2004"
                  type="webcontent">
        	<file href="common/styles/base.css"/>
        	<file href="common/styles/courses.css"/>
        	<file href="common/styles/courses_new.css"/>
        	<file href="common/styles/global.css"/>
        	<file href="common/styles/grid.css"/>
        	<file href="common/styles/highslide.css"/>
        	<file href="common/styles/highslide-ie6.css"/>
        	<file href="common/styles/jquery.bubblepopup.css"/>
        	<file href="common/styles/jquery.jscrollpane.css"/>
        	<file href="common/styles/jquery-ui.css"/>
        	<file href="common/styles/menu.css"/>
        	<file href="common/styles/scholar2.css"/>
        	<file href="common/styles/media_tabs.css"/>
        	<file href="common/scripts/bubble-popup-offline.js"/>
        	<file href="common/scripts/common-utils-offline.js"/>
        	<file href="common/scripts/highslide-with-gallery.js"/>
        	<file href="common/scripts/jquery.bubblepopup.min.js"/>
        	<file href="common/scripts/jquery.jscrollpane.min.js"/>
        	<file href="common/scripts/jquery-ui.min.js"/>
        	<file href="common/scripts/jQuizMe-uncompressed.js"/>
        	<file href="common/scripts/ocw-offline.js"/>
        	<file href="common/scripts/expandy.js"/>
        	<file href="common/images/ocw_mast.png"/>
        	<file href="common/images/button_subscribe.png"/>
        	<file href="common/images/icon_fb.png"/>
        	<file href="common/images/icon_tw.png"/>
        	<file href="common/images/top-nav_home.png"/>
        	<file href="common/images/button_search.png"/>
        	<file href="common/images/bg_top.png"/>
        	<file href="common/images/bg_social.png"/>
        	<file href="common/images/bg_mega-courses.png"/>
        	<file href="common/images/bg_center2.png"/>
        	<file href="common/images/bg_course-nav_current.png"/>
        	<file href="common/images/button_donate-now.png"/>
        	<file href="common/images/logo_mit.png"/>
        	<file href="common/images/logo_ocwc.gif"/>
        	<file href="common/images/cc_by-nc-sa.png"/>
        	<file href="common/images/logo_dow.png"/>
        	<file href="common/images/logo_lockheed.png"/>
        	<file href="common/images/logo_mathworks.png"/>
        	<file href="common/images/logo_abinitio.png"/>
        	<file href="common/images/bg_bottom.png"/>
        	<file href="common/images/nav_arrow.png"/>
        	<file href="common/images/black-arrow.gif"/>
        	<file href="common/images/trans.gif"/>
        	<file href="common/images/arrow-bullet.gif"/>
        	<file href="common/images/apple-touch-icon.png"/>
        	<file href="common/images/highslide/graphics/zoomin.cur"/>
        	<file href="common/images/highslide/graphics/zoomout.cur"/>
        	<file href="common/images/highslide/graphics/controlbar2.gif"/>
        	<file href="common/images/highslide/graphics/controlbar3.gif"/>
        	<file href="common/images/highslide/graphics/controlbar4.gif"/>
        	<file href="common/images/highslide/graphics/controlbar4-hover.gif"/>
        	<file href="common/images/highslide/graphics/controlbar-black-border.gif"/>
        	<file href="common/images/highslide/graphics/controlbar-white.gif"/>
        	<file href="common/images/highslide/graphics/controlbar-white-small.gif"/>
        	<file href="common/images/highslide/graphics/fullexpand.gif"/>
        	<file href="common/images/highslide/graphics/icon.gif"/>
        	<file href="common/images/highslide/graphics/loader.gif"/>
        	<file href="common/images/highslide/graphics/loader.white.gif"/>
        	<file href="common/images/highslide/graphics/resize.gif"/>
        	<file href="common/images/highslide/graphics/close.png"/>
        	<file href="common/images/highslide/graphics/closeX.png"/>
        	<file href="common/images/highslide/graphics/controlbar-text-buttons.png"/>
        	<file href="common/images/highslide/graphics/geckodimmer.png"/>
        	<file href="common/images/highslide/graphics/scrollarrows.png"/>
        	<file href="common/images/highslide/graphics/outlines/beveled.png"/>
        	<file href="common/images/highslide/graphics/outlines/drop-shadow.png"/>
        	<file href="common/images/highslide/graphics/outlines/glossy-dark.png"/>
        	<file href="common/images/highslide/graphics/outlines/outer-glow.png"/>
        	<file href="common/images/highslide/graphics/outlines/rounded-black.png"/>
        	<file href="common/images/highslide/graphics/outlines/rounded-white.png"/>
        	<file href="common/images/highslide/graphics/outlines/Outlines.psd"/>
        	<file href="common/images/button_continue.jpg"/>
        	<file href="common/images/button_donate.jpg"/>
        	<file href="common/images/button_start.jpg"/>
        	<file href="common/images/scholar_bar_chp.png"/>
        	<file href="common/images/scholar_bar.png"/>
        	<file href="common/images/logo_pdf.jpg"/>
        	<file href="common/images/h2_trigger_open_close.gif"/>
        	<file href="common/images/bookmark.gif"/>
        	<file href="common/images/check.png"/>
        	<file href="common/images/lightbulb.png"/>
        	<file href="common/images/audio_file.gif"/>
        	<file href="common/images/audio_only_slate.gif"/>
        	<file href="common/images/video_file.gif"/>
        	<file href="common/images/back-5.png"/>
        	<file href="common/images/btn_next_resource.png"/>
        	<file href="common/images/btn_previous_resource.png"/>
        	<file href="common/images/close.png"/>
        	<file href="common/images/inacessible.gif"/>
        	<file href="common/images/jquerybubblepopup-theme/grey/ie/bottom-left.gif"/>
        	<file href="common/images/jquerybubblepopup-theme/grey/ie/bottom-middle.gif"/>
        	<file href="common/images/jquerybubblepopup-theme/grey/ie/bottom-right.gif"/>
        	<file href="common/images/jquerybubblepopup-theme/grey/ie/middle-left.gif"/>
        	<file href="common/images/jquerybubblepopup-theme/grey/ie/middle-right.gif"/>
        	<file href="common/images/jquerybubblepopup-theme/grey/ie/tail-bottom.gif"/>
        	<file href="common/images/jquerybubblepopup-theme/grey/ie/tail-left.gif"/>
        	<file href="common/images/jquerybubblepopup-theme/grey/ie/tail-right.gif"/>
        	<file href="common/images/jquerybubblepopup-theme/grey/ie/tail-top.gif"/>
        	<file href="common/images/jquerybubblepopup-theme/grey/ie/top-left.gif"/>
        	<file href="common/images/jquerybubblepopup-theme/grey/ie/top-middle.gif"/>
        	<file href="common/images/jquerybubblepopup-theme/grey/ie/top-right.gif"/>
        	<file href="common/images/jquerybubblepopup-theme/grey/bottom-left.png"/>
        	<file href="common/images/jquerybubblepopup-theme/grey/bottom-middle.png"/>
        	<file href="common/images/jquerybubblepopup-theme/grey/bottom-right.png"/>
        	<file href="common/images/jquerybubblepopup-theme/grey/middle-left.png"/>
        	<file href="common/images/jquerybubblepopup-theme/grey/middle-right.png"/>
        	<file href="common/images/jquerybubblepopup-theme/grey/tail-bottom.png"/>
        	<file href="common/images/jquerybubblepopup-theme/grey/tail-left.png"/>
        	<file href="common/images/jquerybubblepopup-theme/grey/tail-right.png"/>
        	<file href="common/images/jquerybubblepopup-theme/grey/tail-top.png"/>
        	<file href="common/images/jquerybubblepopup-theme/grey/top-left.png"/>
        	<file href="common/images/jquerybubblepopup-theme/grey/top-middle.png"/>
        	<file href="common/images/jquerybubblepopup-theme/grey/top-right.png"/>
        	<file href="common/webfonts/TitilliumText22L002-webfont.woff"/>
        	<file href="common/webfonts/TitilliumText22L002-webfont.ttf"/>
        	<file href="common/webfonts/TitilliumText22L002-webfont.svg"/>
        	<file href="common/webfonts/TitilliumText22L002-webfont.eot"/>
        	<file href="common/webfonts/TitilliumText22L003-webfont.woff"/>
        	<file href="common/webfonts/TitilliumText22L003-webfont.ttf"/>
        	<file href="common/webfonts/TitilliumText22L003-webfont.eot"/>
        	<file href="common/webfonts/TitilliumText22L003-webfont.svg"/>
        	<file href="common/webfonts/TitilliumText22L005-webfont.woff"/>
        	<file href="common/webfonts/TitilliumText22L005-webfont.ttf"/>
        	<file href="common/webfonts/TitilliumText22L005-webfont.svg"/>
        	<file href="common/webfonts/TitilliumText22L005-webfont.eot"/>
        </resource>        
  </resources>
</manifest>
